avg_indoor_temp_change,outdoor_humidity_level,daily_energy_consumption_kwh
-0.1671180803168543,0.1467136864333228,-14.996949892062956
-0.0209015939641481,0.117327383308782,-12.67808887675367
0.1504189051435762,0.3649610024662251,17.775454521496698
0.5556044660034485,0.0895806812552488,6.661464668198903
0.0582087184459998,-1.142970297830623,-14.19552996494228
-0.966976143129213,-0.0477113561419798,-25.24484815333445
-1.0016200098949155,-0.2811002928859549,-39.23162627305845
-1.6694052811213718,0.543360192379935,-52.01803821318765
0.1195803684141532,-0.9730689408815556,5.763688525696314
-1.406317463671834,-0.0831055726286947,-50.11860294647296
0.8995998754332507,0.3072995208766093,36.89322999397114
-1.3471262895296965,-0.9716140385106516,-57.38790933169069
-0.5621680265783021,-0.2092218737445277,-14.301590381763594
-0.4660365018682422,-1.5947030672667954,-31.463924334302515
0.6141667000434252,0.7575077100473051,37.31106267744576
0.326133022242118,-1.2511135763853032,15.617869589864696
-0.2471773825205969,-0.6819842479977986,-6.66080007004859
-0.9746816702273214,0.787084603742452,-48.92293823764787
-0.6124373746404379,0.3615035252061016,-9.587725985788124
2.062524919243145,-1.0675329142542729,85.3715394441125
0.594754341665286,0.8534155587803077,16.65374604896471
-1.2608839543350452,0.917861947054776,-34.12939463099468
-0.8289950109220725,-0.5601810401969697,-37.23780627232704
-1.1057046684859355,-0.2149210302887353,-48.72813148449795
-1.3044695005048532,0.6696725488300385,-55.17903217808653
-0.7084067669104628,-1.5137143926128271,-35.53661693216676
0.3080505395041021,-0.3916485674217908,-3.727479116577188
1.4765403497258958,1.3800913541474515,73.42182220609881
1.8732977762175456,1.0800480657146485,101.7181189592484
-0.1326337463825735,-0.9745293046706416,-19.011647541555565
-0.3649527295428853,-0.8392096673390064,-34.39013412432447
0.0642800190954627,-1.077744777929306,-9.629430856634912
0.4933179008808892,0.1848361236948739,11.66580297459671
0.7569886166453519,-0.9221653241776254,20.89058615148193
-0.5518581458924467,2.5581992856682523,-17.09001045049644
0.2140937441302039,-1.245738778711988,-15.044794670723189
1.4027943109360992,-1.4018510627922809,46.822852143459926
-1.0469109826819396,0.5366527525272862,-18.95528454648709
1.0560568090660518,0.2232389141291596,57.189889579447296
-1.2515394241904445,1.4437646040732597,-54.80677244667328
-0.7043436905427592,-1.4084612963635597,-51.631076876522485
-0.1384559839837738,-1.2242982362893655,-8.089397927926651
1.2382830714336357,0.0212715767360616,60.66635107608464
0.742095372009307,0.2992925804064919,35.52540947369022
-0.046920578879184,0.4770408272231214,10.423316291252483
-0.2460624881299484,-0.8432465953161914,-43.05866962492344
0.4599721429391164,-0.6777153697521061,1.1299838935611677
0.1202956317118988,0.514438834058749,23.13427623928828
-0.4894394425182221,1.044160877069072,-6.135829580601103
0.6256673477650062,-0.8571575564162826,26.03531150108258
1.7359638031652491,0.1979107834626478,58.75403934514623
0.0602302099410264,2.463242112485286,21.33744701334164
-1.448084341497324,-1.4074637743765552,-47.34771244349272
0.2673923140719029,0.3216978061960136,28.20207606124229
0.0139292919129462,-0.0241250871100032,-2.5318482879733764
0.3230792731160291,-0.2523535021262876,10.680987831424993
0.6427227598675439,1.3291525301324314,54.8645292920271
-0.3226798388421357,-0.2508330164550473,-13.343372131438043
0.7910319470430469,-0.9093874547947388,30.10521995857015
-1.141689114133505,-0.1936594592797181,-55.3400684539936
0.3384838434616911,-0.2954014101390294,8.164886605854752
-0.1749597566954086,-0.7557451594928447,-1.8055813912000789
-0.070165711458647,-1.660960933515991,-23.03906701058836
-0.2196718878375119,0.3571125715117464,-11.826574562457616
-0.661786464768388,0.852433334796224,-13.46881438630718
0.19905969557347,-0.6002168771587947,5.789435540338873
0.9751197334177512,-0.1470573815021386,43.390617376082375
0.8711247034316923,-0.3260235321678411,23.500320394626147
0.3672873134013406,1.8381836767951223,18.700468682086296
-1.3985675738191412,0.5629692366905709,-53.34133179973677
0.0768218910602553,-1.2829922241885696,-17.79871640389358
-0.2590421458207031,-0.1963498490849782,-25.618051153111843
-0.3653215513121087,0.1846803058649084,-0.3640723997144661
-1.4183657329330317,-1.760808811980776,-72.33173549770589
-0.8096035199216461,0.4240610444640897,-41.63717821095956
-0.0641383465929926,0.3287624103034807,-10.399112111551588
0.0917607765355023,-1.9875689146008928,-13.477095050729485
0.5298041779152828,1.4415686206579004,31.42596805110736
-0.0358260391099515,1.564643655814006,8.613943963477109
0.296120277064576,0.2610552721798893,22.029453065001395
0.2221337716337127,-0.4787486216634771,19.28760831667079
-0.0332299906444608,-0.2081168572725397,4.723462515126698
1.677700814076441,-0.5535882417079946,71.69112686513242
-1.556581898659751,-0.4281151609659125,-73.29123923242263
1.7976865268495226,0.6408428612670098,83.12130876067273
-0.3636122122138558,-0.0569456237210674,-28.705489144823545
0.5583269125217224,0.0760053914124115,25.204483974514183
-0.4464336145505282,0.1940899928983075,-9.466592943095916
0.2858653907249051,0.3344567899870251,10.15024032758951
0.5150476863060478,3.8527314906547208,37.39353870518645
2.133033374656266,-1.9520877995225017,71.71944914860741
0.0438114719791096,-0.1470020016284886,7.496640419684913
0.57707212718054,-0.2030453860429927,11.294430049411565
0.6901439917111125,-0.4012204718858362,3.3291405508648357
0.1777010009332538,-1.3353443587101013,-16.54555678969657
1.1894704889246406,-1.2276078151369925,40.70307536181217
0.6324077390555208,0.9725544496267295,41.06753030930067
1.1677820616598074,0.2544208433012131,55.88371854894744
-1.0121043752601675,-1.6548566718657698,-63.128651312232144
-1.1509935774223028,0.3756980183456719,-46.31598005530248
-0.6117690909052854,-0.037036797048412,-23.73742459459008
-1.713134529090878,1.3538723741654133,-42.76244681549606
0.2010990467149675,1.050654396007612,15.979097594069902
-1.1939250063990554,0.1429430947637067,-38.33998098020974
-1.280429352496283,1.7547941819843649,-37.93123546937862
0.0961207769409834,-0.4622752887050427,-1.8548838757439023
-0.0626790972731718,0.9551423205012384,-2.251062809827981
0.738810480887503,0.6153674840130534,40.9530803756297
0.538296079049633,1.0725073373098022,33.992628140111
0.8339221545489041,0.4591800792284367,22.484100403480326
1.196631486645651,-0.6097829043193822,48.11385522809472
-2.123895724309807,-0.525755021680761,-103.56741390890748
0.0380034781682002,0.1200313267182613,5.618266415617304
-0.7019916878067556,-0.6629009175509484,-34.799589343192814
-0.9824873935383096,-0.2246331499970246,-63.94939260120657
-0.2525681513931603,-1.2477831819648495,-22.05921778350363
1.158595579007404,-0.8206823183517105,18.788057124940565
-1.6275424378831629,0.0480849466613819,-54.015825670717206
-1.4789115687741283,0.1833599197791556,-62.01754867137068
0.6453759495851475,1.3686315575323489,30.60756780239037
0.7942646796218271,-1.2542894231692494,11.094318940218834
0.1598563919974003,-1.027675140925958,0.6417147075865735
-0.0243545922609828,2.142270358611864,10.600044057340387
0.4732376245735448,-0.0728289126568727,18.027425403535823
0.3319803305690149,0.1904996797790666,9.46047715469392
-0.4827435221820324,-0.9533286082587124,-26.900351801816505
-0.4606387709597875,1.0571222262189155,-9.936360493531788
-1.1913034972026486,0.6565536086338297,-38.15277079607085
0.2240924818104167,0.0125924007817948,24.54040960518776
-1.5811907020321334,0.8950383140761154,-62.62510962192046
-0.7271371758248686,-0.2475186355515047,-49.69797155411558
0.9503075919735756,1.7106133725819253,54.56323798212862
0.2356145581085659,0.7708651938869668,32.069487321983814
-1.9187712152990413,-0.0265138754492168,-69.54554716103904
1.179440120721287,-0.4691756521047048,49.79747434980291
-0.248691126183547,1.6073455760199926,20.027260307033288
-0.0347117697052433,-1.168678037619532,-0.6185845592630397
0.541462728204788,0.7591551603026468,28.007912402580384
0.2799686263198203,-1.1254890472983765,9.313425278072703
0.7326400772155792,-0.0807165801085823,50.17787180424549
0.1226703159947955,1.6246784584695606,-2.043997986048904
-1.0962750868952018,-1.4400508825942944,-65.2554938633281
-0.5462444482524828,0.3918040054025465,-12.86024606584698
-1.4785219903674274,-0.7198442083947086,-95.13839161769911
2.061503576636398,1.2083662305931424,109.45631197817016
0.8604734883597454,-0.5830774385689385,25.257989442498527
0.2438007137711988,-0.5640786307367284,29.840535959387857
0.1965211697014701,0.7090037575885123,5.01406121909557
0.2597225017214818,-0.9043166251044086,-13.181784205446569
1.5307508323436974,1.2187618516973169,58.037654547933606
1.0302834540318422,0.2387891590265135,47.84934974809173
1.6122206282554243,0.8968393158655319,67.05444173245229
1.3173940656343257,0.1975996046923996,67.38311500369242
-2.4994057148735727,2.2909425725907413,-87.16115886335052
0.6385924587773739,-1.66152006226896,18.2263636120598
1.5795721457307124,-0.5228600271532683,63.56896927520796
-0.5816809139486437,-1.0147567306928669,-16.27440937819655
-1.1790397911598025,1.1876793884615635,-37.99186622212922
0.9495541354413236,-1.4848979684499035,18.769629844507765
0.6215718898560508,-0.3696103360436339,31.978430136108777
0.8231705839619146,0.0733179671884038,38.39079170370362
-1.6064463202575725,0.2034636358672231,-79.69882796881468
1.613711269058647,0.4535343015139798,77.27351694297845
-1.2295495944524168,0.4966992232365217,-52.48057169343089
-1.1227220215622986,0.3824097461840506,-43.61723077003223
-0.213442870930208,1.490726136849952,6.6738615903910645
0.5136001065697166,-0.5327008396619114,15.334049371265287
-0.6690727386599166,1.0399046873960764,-30.54082201274353
0.3109075655980046,1.475356216949552,24.243457929494824
-0.0273045395099318,-0.933267959073196,-4.110513201830554
-1.4075116947178212,-0.7778166875908753,-69.03828167047317
1.3043402428781523,-1.6624919880356743,50.886921914173726
0.82206015999449,1.8967929826539476,33.78017921452837
-0.3216350512173826,2.076747983560841,-2.470218461301995
0.0557249122886946,1.0941915184709483,17.880743503948683
-0.1044492185374715,-0.1688217231900106,-26.236855214617197
-1.0623037137261049,0.4735924306351816,-25.893415913792985
0.0281811573691282,-0.0091189966442035,9.632331119550493
-0.9857260463355436,0.5040465155178444,-55.46774331706458
-0.5522230442809716,0.6329318177555111,-28.50002879992628
-2.6197451040897444,0.8219025043752238,-118.91691660066569
0.5935567222808619,-2.94038863466428,5.688343524641512
0.3801978510059632,0.6105857452838231,13.008328873589472
1.187386051564751,2.589563642018613,77.90184306436241
-0.5449190868089495,0.3991361143520707,-37.31167068790447
0.0566499248971071,0.5296927543567308,11.775031001673332
-1.0708924980611123,0.4824724152431853,-51.80026679625407
-0.9080240755212112,-1.4123037013352917,-53.91609184874343
-1.225765663002341,-1.46437488020982,-57.81591712703142
-1.448013900416244,-2.198805956620082,-66.63057944135828
1.1070806692869728,-0.1203811639535982,41.97009200642466
-0.186871644161359,-0.4397310582741749,-2.212999580404878
0.8254163489880298,0.8135096360006385,51.78963756827743
0.5112025995249807,1.3736585451629575,28.005598015198945
1.0240625258114624,0.5925269492011831,61.33170836153754
0.478979825746392,0.3336621052869484,28.206578804072883
-1.236950710878082,-1.3204566130842763,-62.234108195337456
-0.2264788919015267,0.3673655068161781,-2.000713488704993
-0.1612857116660091,0.4040508568145384,-17.357621808674
-0.1312569670923047,0.0768518829587682,-12.145820980178115
0.194384301577336,-0.3531662928106883,15.096758631807466
-0.5589218472715883,0.3772118750645208,-11.391193013081503
-2.151815401329305,-0.7191533192424201,-97.70227204993785
0.5609194479412387,-0.2954803180291603,28.65900726704802
-0.903701860730128,0.324359281721603,-46.326994123304914
-0.637739984251316,-0.5309969550018176,-23.747336803078475
-0.6134026635409398,-0.3024696864881283,-33.93633634796472
0.8576596232020194,-0.1599385299634271,54.09619025546415
-2.025142586657607,0.1864543147694276,-57.08793260144734
-0.0185131359923899,-0.2886586389201379,-4.559503306156916
-0.9057323008626188,-0.6537663386488198,-35.753657334319314
0.1684609762696143,1.3175975356079597,-1.4831194113825743
-0.3624409414031321,-1.119669894626144,-26.31979757633173
0.6454841811410754,2.16325472330546,34.75715817545044
1.091310120594269,0.609138120907177,57.861960224010886
0.257550390722764,-0.0744459157661671,5.231418468900994
-0.2453881160028705,-0.7537361643574896,-20.04671208759133
-0.6056155397368641,1.826009713546936,-15.042344691981643
0.3231677141847814,-0.1476025862986686,7.017748541549183
0.4129314542756245,-0.5637245528039749,12.330060236681907
1.6324113039316352,-1.430141377960633,51.28016480052141
2.122156197012633,1.0324652605511468,100.36345612153264
-0.8756182533847574,-1.3827997309643365,-29.663277464317183
-0.221253623585772,-0.2768132998889206,-4.579538700283683
0.9980101098596522,-2.8962553781936893,40.22115433691212
-1.183258512665775,-2.039232177760101,-62.29348785016676
-0.5227230205190395,1.0490092258368893,-7.520206584943327
0.3885786045309641,2.4929995174327906,18.219867910950825
0.1764415552772252,-0.3670278390833223,-3.723981176732472
-0.898414671348358,0.4919191715065057,-33.13641570492682
1.8820244964750337,1.3454200461549777,90.47696616673642
2.1573082132655035,-0.6057149230033384,82.48213465633577
-0.9194242342338034,1.54993440501754,-17.937110328897724
0.7094518171390395,-0.4354863705698433,30.846371615156023
2.075260872625265,-0.6891878180895679,66.42515507980104
0.8356921120651418,-1.129706854657618,19.80731004165473
0.4037300903366094,-0.0241956063909161,31.0457434036394
-1.4785862457798415,1.143754043206929,-42.85572241838335
0.5009171876243808,-0.977555244798551,18.30722234221678
0.0245101742589426,0.4979982912454495,1.618580765419277
-0.1973384203073261,-0.1512732836535117,-18.63279068654102
-0.4653104567800533,-0.1059483543041356,-37.84848708225524
1.8466369960476656,-1.0700847663261526,71.15236350689122
0.4369381697463498,1.190646274786341,20.259055365594584
-0.6763923020592697,1.8009404329108156,-7.052510938266797
1.7269638512334051,-0.3996361856146023,73.24922194491344
-0.2341533747233359,-0.2341369569491805,-30.01421690315992
-0.5286166817497568,0.5863640187550933,-17.612791672812858
-1.4026052717996935,1.7495767431869391,-51.59948861561298
0.2449665711087227,-0.5069431753711298,8.144003994788214
0.0669907172248719,0.5159392177040995,2.613729125826018
1.9647251329163893,0.0352635519717286,60.51697107567748
1.328194141849058,0.5562300094006599,57.9823414520554
0.6476885381006925,1.5230298564080254,33.341701727160746
-0.600638689918805,-0.2916937497932768,-29.02300513774591
-0.0455860163554978,0.2433394493226918,-2.5582201333223944
-1.2096947428411076,0.5999287299962045,-36.805595644280295
0.517659020469123,-0.7257438131534656,27.457599198563727
-0.7168223206028049,-1.86653661707306,-52.80943429362921
-1.348185422105713,0.743264094022715,-38.85234493833393
0.0596303699201741,-0.6469367777055739,-7.965195877224556
-1.5708761520684993,-1.1267674689098053,-53.91553003332571
0.5470973811700377,-0.2021926524338939,17.186055055210222
-0.949398888831943,2.632382064837391,-18.67152679363723
-0.6881503451777238,2.2524358053443088,-9.425698730852826
-0.1070303599545578,-1.035242322419374,-18.03719209972372
0.812525822394198,1.356240028570823,52.633071853142
-0.6462273098438029,1.7753108926095116,-12.442401764893017
0.8303358165442456,-0.8560838259088672,32.33649612382314
-0.5923939242388692,-0.863990769679816,-26.18361184589143
-0.3203473081943201,0.4241659464019164,-4.768986019044984
0.3577873603482833,0.5607845263682344,9.570854717927231
0.9531366339132452,0.2871241652018242,41.67878840372037
0.8204821811973643,0.5072740311072979,34.40679198755486
0.7472936051232618,0.6103702654334648,36.75886125887335
-0.033126972873797,1.7945578635177877,-5.568543082442529
-0.4830610516834395,0.1467930119855493,-29.99744388461714
0.8135172173696698,-1.2308643164339552,37.35520487016477
0.5655096456315442,-1.7607627591558177,6.546438756313167
0.0786351903160905,-1.998200684532108,-25.848635071937508
-1.1033666061738736,-2.152890592952483,-62.83504876086933
-0.2389480468664097,-0.907563662041598,-41.76068219846361
-0.6540756831274238,-1.830632896856457,-35.78989743473083
0.0485216279448269,-0.8309501164110378,5.35913209364003
0.1263795795464118,1.9389289990582848,12.552607763824684
-0.734591576798049,-0.8102524370143808,-40.828394016391485
0.822544912103189,-1.2208436499710222,13.034983277493918
-2.0674421000398766,-0.0891200395127884,-86.56743120575703
-0.5503051538454201,-0.6716233679380516,-38.145539650087386
-0.5574917850078337,-1.369802979579078,-30.91794488544158
-1.5506634310661327,0.0685629748060273,-64.01872301747261
-0.4500654714792436,0.6228499323474987,-23.775398469536764
1.3842728185105182,0.5639091200523596,53.820227151015
1.305478807154329,0.021003841632759,58.862446019354834
0.0488600703257043,0.0405916912038823,-3.986383607283657
-0.245743064085944,-0.2727235697476702,-11.860563826232148
0.6818914896263114,1.8467073257360336,34.92058359957556
1.642015160136369,1.009817089342634,91.09949440313454
2.1709427174978138,-0.1758858124323366,82.22216551330828
0.793488720552213,-1.7485319732381808,30.314413998089154
-0.4791742378452899,-0.1856589766638171,-15.969448482583786
0.1335409047822819,-0.1524698363805434,-4.046253409690176
-0.2573765374233451,-1.66858407387759,-43.68526704600313
0.7109599682034917,0.4442633114860399,27.087842291177203
-0.4461834332147797,-1.889540730945531,-49.833977576820615
0.6387302220291846,-1.1430049127304835,21.012001761529604
-0.172946059923423,1.7117084801423437,-11.097506559651984
-1.1063349740060282,-1.1962066240806708,-47.88105439629136
0.7660802783846903,1.2269332238843076,36.72479481511239
0.3506300992735592,0.4891871301476635,6.454867560723628
1.5007597906343109,0.8502217421134929,54.12415630000692
1.2276689924732922,-1.2096410186912054,37.19945014848246
0.6327818661062848,2.270692857804396,32.66711133628279
-1.0727430257398065,0.2392468641111495,-52.65837630079422
0.650201177958661,-0.0991758637793829,12.005007515816947
-0.6459641791245353,-0.7991920066502536,-41.61362085456187
-0.0060709115398933,0.8384907744516419,5.443897124674542
-0.0190162079026888,-1.0025293646378088,-7.323844428550406
0.4558877720816076,2.165002344901084,29.33649141062524
0.330880232214457,0.8335289616089246,25.951493375398528
1.1241127199860137,0.9475264621228578,67.18190624238073
-0.4523063192490767,-2.4238793266289567,-34.55205088137818
-3.241267340069073,-1.0243876413342898,-132.79792223026104
-1.9937356425714556,0.3740565698475721,-83.1275703929469
-0.8181988834223072,-0.003374457410952,-34.84005934009885
-0.275051697151644,-2.301921164735585,-35.9318730002435
0.4967141530112327,-0.1382643011711846,11.384675786094723
0.8004095252276825,0.7542913298135745,25.14665072473194
2.4457519796168263,0.1292211819752275,109.2976914363046
-0.0346848873867811,0.2342147325365202,-13.130717757077443
-0.1871442650045487,0.985729995679863,15.929079031873997
0.1920491164900316,-0.3091164642025014,3.5975122391508374
0.1980847607678553,-0.1443604119239427,6.395245802856423
-0.8254971967925115,-0.3213858416529934,-25.854644322673096
1.1792971840638264,0.0675184814101089,54.50079533099671
-0.1073021440042288,0.4477169258102773,-10.902132671201333
-0.4344962274323156,-0.3091721234686393,-2.994942834111889
-1.081063327599897,0.6159356069442637,-33.01021912154471
-0.0771017094141041,0.3411519748166435,-5.419405844167936
-1.289960899741054,-1.295078772063616,-53.27457505449595
-0.6465728842425267,-1.0815480036143952,-32.418123826426026
0.9183166060023132,-1.5705006036231774,27.598642278888224
0.0320041490657666,-0.7534178703461835,7.1472773336876045
0.4098186569285125,-0.2412576546185424,27.271036965189246
-1.19363683175648,0.9191541736100016,-26.74522703703509
0.024219456672758,1.4122205554154292,9.81906383817841
-1.68343819222095,-0.8058700664961886,-78.51835075045837
-0.4831864622993739,1.5739867632900326,-17.795036676218352
1.8657745111447568,0.4738329209117875,79.08993438757881
0.99626681944714,-0.4937565831613125,37.84873030997691
-0.3917581490438219,-0.9224101844985024,0.1502586189111099
1.6449677135012837,-0.2490360395563783,72.18700461077694
-0.2441566352906487,0.9640871682883576,-5.922056386932237
-2.4716445001272893,-0.7968952554704768,-116.7550040309472
1.6654744444625766,1.0143700650181304,69.01551340569281
0.0184183791895517,1.6764373122752827,9.300571877697024
0.3616360250476341,-0.6451197546051243,14.388171476309145
0.1408862469112039,-1.7684393655628516,-1.3904610332051526
0.4365598041576678,0.9039348410861952,20.14319598917873
-0.0716012594140639,-0.0372222365098415,-8.808377178469295
-1.5566291735239035,0.6060099513456396,-47.25168167294427
1.196571501664491,-0.15852957302697,51.01733135316936
-0.8583577801812133,0.7003098794089911,-39.89307678030864
-0.612788690484386,-0.387701559935984,-25.253157969919798
1.188913371474643,0.7083038472010638,56.41870168177205
-0.5305011476105275,-0.57581824064468,-25.255282521525817
1.030999522495951,0.9312801191161986,43.20366328440863
-0.4876062240724935,-0.4325581878196209,-39.96414293965751
1.0584244868495878,-1.7587394864231145,27.112538385979185
-0.3791277409874871,-0.2035803601023617,-15.940100861098124
-1.004140766752068,-0.7677975651041284,-42.04048276513162
-0.2685306479058323,-0.8911922254152874,-4.243310750397434
-0.1828964411048401,1.3748764191481848,5.127705258509226
0.2419622715660341,-1.913280244657798,3.813364697488581
-1.7787202489042786,1.496044311489183,-56.47025979261691
1.100959634998571,1.9583474542205936,61.27285187345289
-0.3077782349530005,0.2191503276639387,-8.68919876350814
0.5866938014752747,-0.4749036566225244,12.37722942501134
-2.553921134901955,0.9343199112392736,-117.43061241829024
-1.169916835710288,-2.8722622132816493,-74.053615123763
2.1439440893253257,0.6339190223180112,89.55556706876035
0.2239141340646614,1.3641404299738442,24.31747387492586
-0.955122579349353,0.423599065593461,-38.87632310808281
0.6969544045107356,-0.3338194897560099,30.8366386407847
-0.9758732529773329,1.0536417966078395,-36.90801191898074
-1.7730324682068814,1.2619215007139917,-72.31453794046728
-1.0448091940210336,-1.9663565893760016,-51.83825654737843
0.1093947946048929,0.7257666238986923,6.037630993023994
-0.0401579506443434,-1.430775102118048,-14.950686876680091
0.0455718399038137,-0.6516003476058169,-28.069281152048145
-1.4153707420504142,-0.420645322765359,-66.9784994708867
0.0698020849900188,-0.3853135968617599,0.8071161465576404
-0.1681438185847895,-0.4720905776971272,-16.047403743006413
-0.0376347024248483,1.103301882016522,9.837273484614514
-0.6267172245899651,0.8623934723827588,-21.943508726794576
-0.4677012013118913,0.3465038817307158,-6.994985486441831
-2.696886642941572,-0.0542948665178122,-103.4629882894948
-1.0909664302151982,-0.4108142879545848,-53.16553628742177
0.1142276486620396,0.1503017614618776,-4.651293796222619
-0.9896281365703375,0.940771187988216,-25.594078850782672
0.9192289345752036,-0.668144085538994,29.7995700696158
0.3074066978091007,0.8157372125392965,26.75170960367789
1.0857863249393471,0.0979831534708954,44.163510676711184
1.732514999485092,2.2313001461926323,82.89503449562436
2.5733598032498604,0.0592184340144882,113.64506854319065
-0.6997255079925854,0.2139799107342219,-18.1478280523868
1.6839276914578687,-0.45888426286894,69.1995178287878
0.2131966282376891,-0.7519693317388191,6.588924286924714
-1.7033824393551549,-0.0555476988966187,-76.18789200341551
0.2560297343138756,0.982690983945514,15.35088271428864
0.6725737012027311,1.899881934895215,34.790039213082686
0.9694572005267368,0.4271943618716848,41.12484461965435
1.0325462043416571,1.126705136827583,64.19969581586216
0.5500520990245519,-0.9683444548636352,9.933948285392196
0.173180925851182,0.3853173797288368,17.772678468972998
-0.02652125924906,-0.8818746512277181,-25.979014080658608
1.465648768921554,-0.2257763004865356,50.485743122254576
-0.5172884501003722,1.40934744018558,-22.981516054394277
1.477894044741516,-0.5182702182736474,58.26848067269916
1.277664895788425,-0.5915713888358299,41.94599940246594
-0.0660797986473165,-1.2110161997624564,-15.7258488527832
-1.5341141707356225,1.277676821898509,-57.15143891432484
-0.6518361078021592,0.047398671316414,-27.039019773676472
-0.1730718242838696,0.0155790475814675,19.26490168549299
-1.0212328171307132,0.7083564472993533,-26.1694203303392
0.7250957868479971,0.5161782871149584,33.701210019639404
0.1281044149107892,-0.6810516574748808,0.265490304123022
1.1631637521549596,0.010233061019587,35.029628661558775
2.2988981236192503,-0.362838560439659,82.01951450400081
-0.6800247215784908,0.2322536971610035,-27.545607413795903
-0.2698749352933712,-0.9787637157823074,-6.928111596691226
0.9648516330974576,1.6155828235482317,56.34897107755867
1.3103087461196088,1.3956838107899563,58.631695351657335
-0.7153037092599682,0.6795977489346758,-26.920463178412923
3.0788808084552377,1.1195749114345768,138.57766198208554
-0.3609661658190799,1.159329803364248,-15.670206523684588
-1.5929937335316693,0.440474737960399,-66.86326620073443
-0.1145398452526178,1.2378163119734618,1.598776838910103
2.060747924881987,1.7553408424432044,104.30469343266456
1.633431532301096,-1.146345393018688,49.97758633818434
-0.5245202662797737,0.489374561227918,-23.383554983430205
-0.5397596803093615,-0.7783047254023127,-32.469558834496524
-0.3486521344078592,-0.3492577043184288,-18.66946980342151
0.3427253463777041,0.4567532191537839,10.90898392291973
-0.3427145165267695,-0.8022772692216189,-22.28521039718441
-0.8895144296255233,-0.8158102849654383,-43.075663811175374
0.081829358547565,-0.0988896531911426,11.70132896501362
-0.5551995266931983,1.88115706944059,-9.805666157443095
0.2715788371953735,-1.2767485758203097,4.701026537514926
0.1810215587037069,-1.2968319479558466,13.62577167055234
-0.2111302388276943,-0.9871795271511836,-11.52706951821229
0.2832878715461421,-0.2589049737040773,3.93513711618126
1.083051243175277,1.053802052034903,62.302197680320106
0.3711458733713088,-0.6039851867158206,17.916425371918262
-0.7563507452843033,-1.4222537095976742,-24.007678466180508
0.0993323054292258,0.751387123371789,13.046724851897268
0.0758045581937263,-0.6771617115121117,-3.724079739938458
-0.6389617476895023,-1.3230897934074983,-31.93987843848081
0.0865897874728999,-0.1556772353920794,-8.990436918805393
0.9638791167949096,2.2105230015913517,46.49003421055009
-0.5711789897827968,0.5725827813561586,-9.791610698480495
-1.0676204293825944,-0.1423794850212935,-39.67930245517287
-0.8874921778021001,-0.4374583003234104,-34.385152584186294
0.6347214685617699,1.1096998419562232,35.37044849502122
-1.0651136630753726,-0.3052247043546676,-57.13219796190396
2.1531824575115563,-0.7673475628880495,88.4777384673858
-0.926930471578083,-0.0595253560618,-31.400254582706552
0.0969959649927181,0.5951570254369136,12.859608410527676
-0.0264057569589269,0.2801611588196063,4.014914224173436
0.6862601903745136,-1.612715871189652,7.270710785218295
-0.8392175232226385,-0.3092123758512146,-28.134970056431477
1.126050250772168,-0.0513937235884862,58.14005402524941
1.7275431701007111,0.4363236696740321,71.95502662222486
1.1055259329579838,1.18703030556038,43.58800040576841
-0.1209481486077815,0.4195324439070277,1.9941045124309984
0.321357215450273,0.4219207542352847,22.37911551461186
-2.5302875227463297,-0.2860042218801108,-107.48610040103804
1.399355436586002,0.9246336829127688,59.75907658049443
-0.7728776678236091,0.4070522871245351,-22.75622238020048
-1.3793192280145272,-0.7309300399419191,-65.34548100382736
-0.1923609647811225,0.3015473423336124,-3.9047312811761
1.1492733262856758,-0.7031764251258874,42.47397622253999
0.883109777147159,-0.077837197012802,44.59207271997832
0.3686733088729012,-0.3933388123273607,11.740723370860255
0.0970775493480403,0.9686449905328892,10.253097302643974
-1.3281860488984305,0.1968612358691235,-49.99806859798838
0.655900776529761,0.1947361947187748,16.68555957422615
-0.7355299425897666,1.2360931752104374,-19.87811356095345
1.502357052096028,0.0740947804197751,59.18077197244568
1.66125921454787,-0.4570962565862718,49.12747238214588
-0.4455025214007718,1.453384477117701,1.6336862110653223
-1.024186824329205,1.8540925663341885,-37.49963169020874
-0.2403253981581348,-0.3748208075495972,-1.2864621003375678
1.5421099525678756,2.006092888159123,73.97777254152146
0.169360824036078,-1.4137144969049802,14.562455432689118
0.5219415656168976,0.296984673233186,29.366682527630594
0.7276295436369798,0.0519458858072994,40.178997826294
-1.2221278088919454,0.7129984301723881,-66.5805538280004
1.4205042479898549,-0.5707462937494763,50.721390019517216
0.0824397529345032,-1.4575514994649306,-1.182412495704673
1.6725723868377034,0.4190190093660452,73.82320062280958
-0.1630669639437638,-0.7449026448064491,-20.159502774479865
-2.1218548990085946,-0.6078219870944325,-93.1342441185448
0.013001891877907,1.4535340771573169,13.39151889003221
1.6286155455712918,-1.3801014582148914,53.60856595363399
-0.2309345302086779,0.6962063648134184,-15.72285597942846
-0.4293022245172599,-0.692420979873856,-43.35349703386703
1.2065089665083568,-0.8169356709872361,35.4069612316291
-0.0704987780590912,0.4865016438262019,-9.142141276276462
-0.846793718068405,-1.5148472246858646,-37.7681985050135
0.2670502658692588,0.889630795623437,24.932005069504765
0.5228354880354996,-0.573700003938579,22.98682556129112
1.8489560949453447,1.1265650295477574,78.83764361274841
-0.7424705856980482,-1.3200225112207058,-35.11001751757771
-0.4473218956587511,1.281016361735113,-1.613277985959369
0.4288165003305729,0.6931056072631441,21.71818559994081
0.0754336389015928,-1.6019658118971685,-2.9267331060774646
-0.4853635478291034,0.0818741393863225,-20.84694413334868
-1.6151318159055097,1.1647393544571714,-52.11434332131115
-0.2412360578563298,0.3520553965142968,7.03564236203459
-0.4888494217862741,-1.1196174332890112,-27.62808005529794
0.9751976297824296,0.501094169939845,33.91180896234879
0.5387559924463692,-0.9206735930793662,18.968840754131783
-0.8084936028931876,-0.5017570435845365,-44.45058896358787
-1.1701130260593595,-1.80198043758002,-75.17893308838168
-0.6248185776956788,0.0260910502108337,-20.246715773152918
-0.7728252145375718,-0.2368186067400088,-38.466591932998725
-0.877982586756561,-0.82688035403986,-41.81910716867121
0.4810092317367132,0.2238840242791313,39.01216647087365
-0.3347753321065408,-0.4036484632419967,-35.570124018037305
0.3514482075415829,1.0701502383164274,19.81913914371836
0.2671266510114834,0.5087250232299338,21.738776929099703
1.586016816145352,-1.237815498826849,58.836504935405465
-0.2248559818080785,-0.6500025808234597,-5.865471337133225
0.4296182191325858,0.2076876871631111,8.821405950680596
1.2657078408647005,-0.8661748482145006,48.33258482670379
0.5150352672086598,0.5137859509122088,40.7856425275954
-0.3080342841857412,0.7796605322693398,-23.788590200032942
-0.643518230380143,0.9278401280812372,-4.439252933348172
-1.2002964070557762,-0.3345012358409484,-50.84822413479568
0.5697672802322037,0.4477085600173148,43.34469199617146
-0.6492775450660071,-1.2239402667622563,-30.414092848992112
-0.4593608995402441,-0.8498443694647918,-19.085548689867597
-1.5256563145700948,1.262584103427182,-51.36294124641224
-0.3881768185412287,0.1704162223754877,-8.857749676982808
1.4711703274936083,-0.2093236771518661,64.63524430294261
0.1252245026479072,-0.429405541125253,-4.090152409970459
-0.016422896072752,1.188393273448084,20.9905195065215
0.2110174672026184,-0.0967131118703923,9.386140951038302
0.7116148780888896,-1.124642091837869,25.102692031112237
-2.135674213978696,3.1377485336599946,-63.592253137746646
0.9843223984765838,-0.2139888442255089,50.35576647992201
0.3613956055084139,1.5380365664659692,19.775568760762177
-0.4263575962055433,1.1484457091967548,-16.13200059761141
-0.2918112689155441,-1.563190808696657,-30.528984851910195
-0.0327532702159983,-0.543424771133765,-8.49083733701653
-0.927353134190574,0.2383689827347851,-36.49026725288707
-1.5047203740310022,0.7600559636896026,-54.08706023409219
0.3944521423782968,-0.4209844808202629,6.503844161373902
0.4664299824335263,-0.0356414822974835,20.567664589145416
0.9356783931474612,1.2715550949941588,50.695319366020506
-0.2176812032272203,1.0987768519871903,-4.78608513255196
0.6523228784134196,-1.5763921569842494,20.977626494170263
0.4940301862827388,0.2606737658239071,42.39842857960858
0.6779258713392691,-0.4879114081457026,23.985033659965502
-0.9393353938187544,-0.1440875557216154,-52.86345120307486
0.2930724732986812,-0.7143514180263678,2.71385534135681
-0.0882820483512548,2.579709337654318,18.007405701011322
1.0318445394686349,-1.485560373036972,20.71826702261745
0.6585442726728304,2.0102045387663496,38.76436755084321
1.2171585208254965,1.5213160519224511,62.54974164727681
0.5462842480036996,0.0064222698109378,-7.629380179140597
0.0870470682381713,-0.2990073504658678,-5.377131537082348
1.0495527153193351,-0.535235211560568,68.68583707233141
1.0786808334312956,-0.0385084695007072,40.52430602982599
-0.2234659823718521,-0.3493167961181975,-20.270089101809063
0.2598827942484235,0.78182287177731,9.564278831849482
1.3171150673398653,-0.1180685269910787,68.47012826254678
-1.0065425652796411,1.1398785611290454,-42.697340256052186
-0.2595913513636048,-1.5031429531181062,-3.7454312382089223
1.2897527540827458,0.6731813512699585,73.80047395010337
0.3241663524884421,-0.1301430543676845,14.802998076268496
-0.8182206832334725,2.09238727568546,-8.096988788000274
1.246085192497629,-2.073390232408149,37.54025705040764
1.1081828167375165,-1.0399059271255309,29.56751144736528
0.7533416211045325,0.3811583848827777,45.49379193744069
1.0760071385985983,0.0213116486719422,39.70326337363901
0.4400144500533324,-0.5020542243526112,12.506083486835408
0.0976760985488317,-0.7730097838554665,-15.365739704449195
-0.5956612940434921,1.374438093170817,-13.179009044358637
1.4926885689595215,-0.2711236010425688,52.48098533346804
-0.0079726413166173,1.4799441388900263,-3.8586194644970337
-0.0494637096524329,0.6748194921666035,0.1468657918180302
0.4134349032237008,1.876795812558066,49.17657799818069
0.6127739050625697,-1.053415563173656,23.33913445900691
0.1867667644770783,-0.7553829323533225,17.102117513006746
0.3078017688920592,-1.7101683926566251,-13.981577019431636
-1.1958830620351844,0.4446026682201407,-49.10173800735472
0.5839281853259639,-0.3592920907870595,24.035286004898264
-1.4218106667418438,1.5013336519554867,-37.521670096208304
-1.234348871879922,-0.5924642591528942,-56.06702195923416
0.1053755061459599,-1.3340254949182044,-2.4031393423794314
0.0884068862918473,1.4775300810552616,15.302504585859156
-1.092312764672579,-0.3164084496948019,-56.88260774547248
-0.1087601484568576,0.4017117220989414,11.952481343765884
-0.0153098491729955,0.5792914996010884,-0.093857598013558
-0.6734906242438685,0.2789941622238019,-19.06138431965676
0.3996879517526416,-0.651356893791829,31.59783107980401
0.3771003939021864,-0.0292628136849783,16.216376276610806
-0.0036025390905684,-1.1583646891925423,-20.358077906018387
-0.5642475986573886,0.1845513031970369,-17.88943243459048
0.8712972974572442,-1.3459796802467483,20.50753487758644
0.0715662372193924,-0.4776574467651167,13.776484525557054
0.2337859117907477,-1.5558956462036273,13.280832966430214
0.7716987106483447,-2.8485426206300755,18.168296297441945
-0.3152692446403455,0.7589692204932672,-1.7929972254584143
0.7077519354554754,-0.5624667758942676,15.857874697747116
-0.7859894605079495,-1.331232953557778,-51.68191932700786
2.403415585238275,-0.0576187970335853,87.32530777751808
-0.3357846992901282,1.669021525289393,1.9249007336140949
0.5931012579683838,-0.3095464393139903,18.182099462230568
-1.072139011985607,-2.921350483494608,-80.7899288311989
-1.8362053731032968,0.5079913269125437,-79.24748852563751
0.6543656563540577,-0.055584670910455,24.440770762726284
0.0822839892754241,1.0654803750653512,25.7623731318974
1.9011906857530076,-0.0606608138146207,71.2999561546052
1.6153756894694418,-0.3223204692113399,62.04490805829393
0.7216720640432349,-1.129051771217229,26.84707336476534
1.2669111491866227,-0.7076694656187807,51.290217273214914
0.276690799330019,0.8271832490360238,31.249161067996877
0.9540017634932024,0.651391251305798,39.85166959534891
-0.0883629592053353,-0.370011029882128,-22.34448288750387
0.513907849658915,0.1795817819395979,30.44027770230322
0.8696059201056602,1.355637858804951,46.85276774525714
-0.6017066122293969,1.8522781845089376,-32.30763085652559
-0.1517850950355832,0.5883172064845762,12.60283738237414
-1.8751724696457448,0.1150260791474171,-58.33323620898168
0.1895816165987434,1.0010460925671412,4.960816540487048
0.4438194281462284,0.7746340534293368,23.377690810034785
-0.9815086510479508,0.4621034742632707,-51.582768923702346
0.2246847257518859,0.93259083187309,-9.992522244986464
0.1486674572021117,-0.3370859711180397,10.083558749802254
0.5193465142411723,1.5327389130025777,29.456602463109903
2.6443433470170348,-1.5029703283951532,100.43242347611869
-1.1105758454658288,1.7522704434236227,-26.65726924731203
-0.2587960626671023,1.598647170504717,12.076834574299625
0.8723206367206782,0.1833420057383517,20.74173338419605
0.1605739810498646,0.0030460201534144,9.161600331906596
-1.979299810375788,0.7479102561175338,-80.93141280983023
-0.1285375114389307,-1.881849045497639,-19.6018746803278
-0.0194196058877325,-0.303179782834275,2.5563035850070057
-0.0821511783925688,1.1172958315881278,10.96001081919032
-0.6022120603617805,0.4687742560750237,-26.33360967367355
-0.5893647569442118,0.849602097021025,-19.417759102326137
0.9817654869915944,-0.3248313835086224,41.71569511233896
-0.4400444866969837,0.1307405772860913,-16.032917138263922
-0.7184072655691974,0.8949243769444413,-14.368782132009976
2.013387247526623,0.1365353310827374,89.0882688545887
0.9190764829877686,-0.2902745441886513,26.42254047926155
-1.6929568141953857,-0.0983396267947498,-57.19612748375079
-0.4442932600761113,0.3773004930448519,-25.57751852432794
0.9531250453760868,0.513085420097293,32.67002335297923
0.104201103951876,-0.0625931278995224,-4.17146734637995
1.2130976999791834,0.1417169136399047,54.30073619809863
0.3992231226052792,0.647195939702741,18.22676638720609
-0.3190539356666181,-0.796025856803489,-18.698569486027555
0.4847328172944747,-0.8463566549908735,17.834331926147613
0.840620026504553,0.5467335682013793,56.872532425947256
-1.0128311203344238,0.3142473325952739,-55.23426904673201
0.3570154859650473,-0.6929095952606542,-6.471441444714017
2.5269324258736217,-0.5308687729203206,86.44617536851618
-0.0548940006162863,0.2855540748576569,6.975088638798865
-0.1340171666729177,0.014688194729197,10.182634930947764
1.8845863059346089,1.5432435282721888,95.11309804962038
-1.389572466763596,-1.6453987469568918,-55.19595949230759
0.9163276747024814,0.3464884758979927,20.792215431328927
0.4082527557144718,-1.7025836042378404,-5.783737629155536
0.0436024463724537,1.695051040430753,26.84746716694112
0.3840654489393073,-0.0326947480940931,22.86165584362375
-0.6373871273065177,1.1890165311075518,-6.856230372599542
0.2537396614945734,0.4676931717654332,-5.705408142530523
-0.0720101215803338,1.0035328978920242,31.289326629248592
-1.2803043986708944,0.8724573282801447,-54.222805975972
-0.5297602037670388,0.5132674331133561,-18.1767406880182
-2.4242402602729416,0.8840453963610497,-103.27726835543342
-0.0187087564458974,-0.3885184530888858,20.790516887124127
0.3665982460968482,-0.9398797863273552,21.933360990936965
0.3191745104191804,1.3404504460231446,1.000964542498984
-0.0213672943484361,-0.7472116791478234,-17.834217620353616
-0.6095122021592831,-0.186971302985446,-34.998530349672315
-1.870791921025856,-0.3515134840413086,-70.6475830219925
-0.7904744554453119,0.4714683571359957,-26.767865160909025
-0.6769220003059587,0.6116762888408679,-21.423674093832624
0.6241198170521551,0.6283455092642799,21.44744655255539
-0.9905363251306885,-0.5662977296027719,-49.89108563045656
0.7384665799954104,0.1713682811899705,44.801238983433706
-0.9993022322949108,-0.5047749212282174,-47.01263568686489
1.073631749859772,-1.0265152994110602,41.7547232645584
-0.1769472274940494,-0.7982972445384537,-4.212712409103318
-0.2264840988498318,-0.9594392367234796,-21.8693353720219
-0.5302576183724408,-0.7928728322623442,-16.74573604446983
0.9504238381860504,-0.5769036556624031,39.14311121703193
0.1818662550584951,0.248220586300336,0.7379494145717924
-0.5487249077409615,0.0928449011411147,-22.367961094351543
-0.4749453111609562,-0.6533292325737119,-18.1767567450349
0.3227185603380895,-0.827230943552323,4.1030892142000095
0.2274599346041294,1.307142754282428,18.77504639688049
0.0283183761304593,0.0297561394957432,3.117488002847936
-0.4646172972983931,0.2011596558728393,-28.56004519220004
-0.971656734541286,-1.3796181647889303,-47.94324557367638
1.6699045043514062,0.3946715298229811,65.27840763305815
0.2935579321666293,-1.356581804623405,-1.5650497114761852
-0.7050118557584089,-0.055769077657706,-24.437772998702098
-0.2646568332379561,2.720169166589619,10.18618644801434
0.2244518185599719,1.0470983026121543,45.902048784709336
-1.0623935281468797,0.4283070972076486,-40.94752596405756
1.5655240292343404,-0.0657502610729878,55.66662162799325
-0.6506425691218272,-0.4871253837646962,-42.227522709124045
0.5868570938002703,2.1904556258099785,41.0041200471292
-0.0134972247379339,-1.0577109289559,-1.1772338320886293
-0.6237689606958051,1.914031353866786,-39.11702541678165
-0.3092090770498634,-0.7521564055905832,21.709302177796832
0.0675282046879238,-1.4247481862134568,-16.054654549447122
0.7082144232565574,0.2332161312635017,37.05787283515929
0.9960476858058164,-0.7567950885694608,38.047241009171465
-0.7632591565425169,-1.804882100664519,-36.18461311243436
0.6380511014407572,0.5008444749444569,40.63774242381655
0.1798941511534784,1.392002286344599,16.083959212363702
1.2012139221639448,-0.4080753730215514,41.56445645394262
-1.5255251709247388,-0.6919080698812444,-59.456768974756535
0.7081086766885905,0.956702316794584,28.621851924699865
-0.7128457826771644,0.1064302276918968,-19.41403847799793
1.2004139079444254,-0.6568942789713957,55.44328451079078
0.6191542610051978,2.0574954697116987,40.626012433217134
1.0375399442578994,-0.5100163988547471,23.841511086108184
-0.773789199103573,-1.244654703311417,-8.618221154385605
-1.801057734152739,-0.5426737997340217,-87.96734550440783
0.2029230208512997,-1.515744114997232,-1.9797969293340356
-0.0985881322842617,0.0188496229448476,-5.644800228092857
0.0184339330653931,0.347581705361671,18.382115895960226
-0.6626237589458467,0.5705986685931593,-33.91986709001109
-0.0250269587451439,0.8177662992002871,13.281673872877652
0.1232048067844857,0.5514853760404677,3.3936154399744964
-0.0897356942872267,1.4401172154494728,0.3574215894116879
1.173124637586641,0.3696421921980939,65.40872987252632
-0.1279175914807665,-0.9555404406004258,8.249290133267552
-0.5736620068802363,-0.5468589412403921,-42.14269737118313
1.8861859012105304,0.1745778128318389,69.74765883233009
-0.7925207384327007,-0.114736441466899,-33.2140107974462
-0.5767713305683327,0.755391225825756,-16.504927965467708
-0.9913923494563072,-2.153390113603715,-44.6061327158702
-0.1343087414705478,0.8108082731597821,-9.008071528289312
0.6628812686674127,1.173473857485325,24.143333372392654
0.69822331361359,0.3934853854217497,20.17100981382634
-0.4432822511915103,-0.8848027140269009,-19.194201124120617
-0.9649234605801044,0.6860514599984393,-32.09526293998302
0.5211224283793385,0.6452155859500572,28.361526877005407
-0.6013676439512138,0.319781934142537,-10.370401892842914
-0.1726272999408196,0.8836599374866724,8.023271093805235
0.6078965097165392,0.1866091231563581,26.739217974873032
-0.883857436201133,0.1537251059455279,-31.20357748457636
-0.78489831308224,0.648280433843859,-19.13467085071147
-0.3921081531321576,-1.4635149481321186,-24.071709881638363
-0.7303666317171367,0.2164585895819748,-38.24835349126023
-0.6414815952229522,0.4319225446739406,-20.686492620106463
-0.2549772174208552,1.5039929885826884,5.299596458378983
-0.9354387020445952,1.085982116175032,-26.827692478362884
2.319329539981694,0.3933178393943718,115.11075903966146
-0.6115178029919482,-1.4066610968482225,-37.77832101538703
-1.243863235391285,-0.6929051977959073,-77.26799645329682
-0.9896048202585808,-0.1257869200996481,-36.90190579264818
0.9983108981479604,-0.4316203127180484,22.62634002885084
-0.194908280352681,1.1337700968670643,-1.6779331690404398
-0.1671217137864115,0.2825799504882996,-3.702850607179591
0.7589285897867651,0.2811914239693758,30.722809201537896
0.3436182895684614,-1.763040155362734,20.35623477481736
-0.2209641738296639,0.0268858389945307,-11.60775120219116
1.0291556373256436,0.472597482413043,57.375318643134
1.5231240772696573,0.5389100436846587,74.78120747816423
-2.703232292999237,0.6778753195309076,-112.25349195520762
0.2897748568964128,2.0754007986454384,37.43770481798353
0.3312634314035639,0.9755451271223592,10.190045435708532
0.2407531794885682,2.601683114180395,19.550045526293083
0.2704568257798388,-0.0502381094491369,6.471233966054847
-0.7020530938773524,-0.3276621465977682,-34.0228769107061
-0.7832532923362371,-0.3220615162056756,-24.358697996828376
-0.718444221252436,-0.2134471517118472,-46.73390204751583
-0.1374485146276918,0.9528745472029384,-21.68802052120401
0.9633761292443218,0.4127809269364983,36.439059338607706
2.056207129940322,-1.1032083657216831,55.42700025444263
0.2005691972309428,1.1486373494287152,11.617461190654096
-0.1123280496908296,-0.2209695995332226,-18.143283969296043
0.9261775475316414,1.9094166404701305,35.79756155136518
-0.4719318657894335,1.0889505969673663,-4.616263126379174
0.5436001545944323,-0.3706143320861059,10.420084312979036
-0.5138669173366935,-1.0592135218889516,-13.715677563451273
1.0062928092144403,-0.5768918695231487,32.2864933787305
-0.0196377989266812,0.552489954417148,-15.91801701992585
0.2504928503458766,0.3464482094969758,24.523470088382386
-1.6924646297148194,1.5295503194606137,-64.9773273834946
0.5597904479310398,1.0807807255546218,29.08926941678698
0.6135179727304166,-1.0227925651984056,19.084207070654085
-0.3722067760710529,1.0887486197041858,-5.434314333668043
0.9135846262332494,-0.8031789506803448,40.63602197670868
1.513449743242131,0.6308116845547775,72.07279508408716
0.8128621188389601,0.6296288419236122,53.8630161638128
-0.759132661553698,0.1503937864762076,-28.01497454597245
-1.2946814757209055,1.1608267873785192,-47.99562262318416
0.3384964074944141,-0.4152879139008013,11.89228078232732
-1.3598561409799192,0.7462535660272207,-35.56215621541104
0.5131057981760827,-0.2595466775839172,8.152684932739366
0.3088330125989638,1.702214944635238,37.22384582269049
-1.344450511034277,-0.9186519464841982,-57.39156775168222
0.2987529083656862,-0.7517910500951843,6.0322046018488535
0.0287448229348174,1.2784518626072987,2.451661322596552
1.639964529371393,0.7421274910718922,65.59414040750765
-0.4465149520670211,0.8563987943234723,-23.243410684693515
0.9382838059759976,-0.5160447282173739,29.324938551657127
0.1132704105377644,-1.4382779783173667,12.505774916210978
-0.6680904536430488,0.9920423495365228,-15.542018927478503
0.570890510693167,1.135565640180599,37.12109349636051
1.066674689589154,1.1692955904456728,43.305864103836
-0.9232332461109044,-1.3516846056163336,-59.768350421996864
0.034083468259226,-0.7699732310586415,-12.30590028914579
-1.1437262073206618,0.1085597057765231,-53.03355902859385
-0.2489641484790735,0.9715709509543554,-8.243070664509181
0.0052436997181831,0.046980593764742,-12.409136993279114
0.7223813578277714,-0.372833152091767,27.38269469995218
0.2493836837107552,1.5774532797634744,25.56216720866948
-0.2949496782920278,1.2477420726737338,8.97748358740866
0.2891686439078181,2.4553001399108942,33.12218865413456
-1.0536824191463543,-1.067802921579193,-56.31772294408869
1.3924653000643288,-0.2500465145989528,63.729158733165455
-0.8036745679697308,1.6391168054440677,-7.340105469602241
0.8294055811834892,-2.211135309007885,33.39366832660664
-0.4738393470709161,-0.0144522708782791,-18.533612018037807
-0.2234627853258508,0.7140004940920919,6.006909008886038
1.5792128155073917,0.7674347291529088,71.48954024998974
0.5689830791852754,1.628396623128538,41.80325797677688
1.5033983017671506,0.8773622905756714,75.12782711200786
-0.1112260613487003,-0.9039076414647896,0.2206661358283383
0.924027019206901,-0.184902136442989,42.56726293964107
0.1910990680199033,0.0464365481561488,14.906814653422254
0.0644744148101202,-1.9754665663538715,-5.783165828758752
-0.4710383056183228,0.2320499373576363,-25.99594608092317
2.5600845382687947,-0.0960598997246498,103.1020894073416
0.7999419019420501,-1.616310608436588,34.186717810789304
-0.8353470532597573,2.1451491277733883,-31.224281351460355
-0.1500555870325271,0.1255764534715426,-5.781978279333084
0.1664522082130559,0.4924512640081488,-5.284034497890422
-0.5805234498047227,0.5885784044206096,0.1223216404962457
-1.3202332070206422,1.8314587658543535,-48.07298889583475
0.0103526198433806,-1.3118362323501596,-2.7054364518786382
-0.553649305347182,-1.1978778925888485,-22.540339797928787
-0.0952955323869521,0.2790215257703392,2.682296490039033
-2.3629324355418384,-1.0097307047099375,-99.85065603968512
1.5931866266393973,-0.5112156764311853,68.14437721752425
1.7654542402810969,0.4049817109609555,62.73793755620861
-1.377669367957091,-0.9378250399151228,-74.17050135672795
-1.8408742313316453,-1.2795769667357015,-81.78946987936524
0.8951932200277323,0.6351718016819695,32.38255075279633
1.0225704320096405,2.439752406339273,68.6989657923444
-0.1001540764799527,-0.2036737501769658,-7.83675915390911
0.8700677306887539,0.4956818879726045,41.97122205947216
0.8406435489887243,-0.6526239793023911,30.169067873321296
-1.594427658794367,-0.5993750229537729,-61.66907039684829
0.6819529712949639,-0.310266756593456,14.600102395434714
-0.8222203955664315,0.2436872114919123,-35.06302560024679
0.7368438970924334,-0.2813275571182134,23.268325166172488
-1.015821818978397,0.0616798498479716,-50.2146007911177
1.4412732890661155,-1.4358621511794394,64.6872686925544
-0.0826806858426992,-0.1217475083832835,2.057474460526329
-0.0275149050506362,1.772251596669744,8.810713896809636
0.3269273737641626,-0.2191005288088642,5.888044410530828
0.3417559757771594,1.8761708392158865,19.67786023337884
-1.515191062198552,1.3668742674445244,-56.73205876255411
-0.535963445114048,0.8080577982811451,-19.56352742330993
-2.038124535177854,-1.008086310917404,-85.00712548554371
-0.5353281859539227,-0.0905332823041607,-20.450090307275897
2.074082669749973,-0.9193845915864234,90.59923869521934
1.0005823180429785,-0.6706202090766449,46.16209876627353
2.1898029332176723,-0.8082982853551515,88.4344606792324
-0.2090232572860252,-0.8505204542092998,-22.921888238996523
0.4909749516382513,0.7348777860498175,19.78135865031539
1.4511436077950417,0.9592708260852068,61.11668550748352
-0.1804799135906256,3.193107567844861,8.234796143733536
-0.2389320991696945,-0.3668244118146878,4.111106125309236
-1.090399077442846,1.41093237974627,-16.591223035446774
1.1950466289248425,-1.5231869047837747,47.28815137007027
1.6122782579886454,1.3149144535840471,53.10962239786674
-1.0810565404082624,1.0531528533329035,-36.36522433039242
-1.5193699659540134,-0.4842340728662513,-57.86910156289649
0.5796331732135757,0.3257963165821664,25.1277789270176
0.1135173452512479,0.6621306745210463,10.725495694274542
1.1581108735000678,0.7916626939629359,42.22225635861767
0.0207937076754078,-0.7280029412291342,22.971325904151698
-2.081929407883722,1.6964563682900382,-77.25118653140134
0.0996513650876412,-0.5034756541161992,-23.654734790685364
0.0051134566424609,-0.2345871333751474,-10.011636030148118
0.1708654381279418,-0.1839833363526791,-0.5510622097142299
-0.2688886905548305,-1.10652590874167,-11.295415779396343
0.2809918677350327,-0.6226995198205939,-8.680108335075037
-0.5756378262377739,0.1220098146453614,-19.19132574442596
-0.1580078985789894,-0.42688106994742,-14.833456913286245
0.0700521631131813,1.1618783026081902,4.6752322780038185
0.915402117702074,0.3287511096596844,50.64700185178703
1.5475052013300616,1.7958776730955217,73.11095889228204
0.5049872789804571,0.8657551941701215,23.644288070878527
-0.4363858905265686,-0.1096098039258308,-20.35804696858169
0.6337768809320985,0.4137990974514982,28.467736329045778
0.1686546719667276,0.441940649569409,16.638361865534314
-0.3426875940803487,-0.3714408659957914,-16.332278110183992
1.5505004928140769,-0.998354040738791,67.0049388053291
0.7783610761666377,-0.5511857163285334,23.39116048512549
0.7858001586508322,0.4254575617849647,29.8676448844437
1.5945050632249722,-0.8469613483183278,73.96432954624974
0.2088635950047554,-1.959670123879776,-3.833453154841612
-0.039555153856655,0.6815006973726244,-4.329116033209932
-0.622649361734452,0.1946074552372427,-27.914076899457257
-0.1906824007633465,0.2174328731797228,-6.29377819835374
-0.0349884904969617,1.77080063563551,2.679669896571032
-1.803139676255945,-1.5841359430054898,-99.03557993655936
-0.5443827245251827,0.110922589709866,-13.13522726705357
0.132969674146876,-0.7001208149391732,-11.584829090409013
-0.7877837519082389,-0.620847598251116,-44.41453467777444
-1.0372461543264564,-0.1903386780836082,-44.75887787588145
0.2691269412451073,-0.3431922754974105,28.56368554867766
0.6218099622171964,-1.5702247198904564,25.30175150688337
-0.2081222503572753,-0.4930009346588331,-20.012053598772287
0.6963874474567154,0.9553052085705108,30.1397449113399
1.3821589910375272,0.6487098875896427,53.64530275951074
-0.297563503359992,1.3757068133116197,-6.029750561611852
1.5284684264125317,0.5078357562896237,80.90083464055098
-0.0744334291000462,0.620672097550678,-8.228294959222511
1.1487657003721037,-1.7397137787780996,26.09630845720472
-0.4694743859349521,0.5425600435859647,-15.519121754233364
0.0678555105274033,0.8527736751222197,13.212254877389558
0.324083969394795,-0.3850822804163165,23.04121009447062
0.288693629279857,0.2603218387712207,8.915890125026039
-0.2694068344445576,0.7175422557959621,14.76597608686073
1.4469778843537329,0.1965547765115746,68.31882919533848
-0.6435498323174619,1.0299608175811612,-15.462602995143486
0.597400069849858,0.7011727423108983,14.463060701195417
0.0570131248970845,0.2685922788632573,-4.09027190182312
-0.4634176928124622,-0.4657297535702568,-30.111196147104494
1.1428228145150203,0.7519330326867741,50.11483871614918
-1.366878698415421,-0.2247654018926835,-53.63369123895951
1.6871416350725648,0.8816397569494505,65.51648058238236
-0.4201868170958575,-0.2817846088605074,-13.451371047281553
-0.1701846225249284,-0.4532280493272752,-10.659553363621225
-0.8604133652839524,-0.3845555442298253,-34.08966675215589
-0.8275902206487197,0.0861438830463747,-27.391822354535734
-0.6514180036144483,-0.4838858340543215,-24.89511187204509
-0.0796413912457152,0.4523717962497342,-14.308052009559503
1.085895565831578,0.4746982328799528,36.42164976893031
0.5906548306923093,1.1087035805829075,34.30671778615929
-1.6074832345612275,0.1846338585323042,-62.24976329852406
0.5765569630557664,0.3112501545435361,26.58551005121356
-0.6255627015095294,0.395803533437409,-16.78586462655601
0.1958452550976815,-0.978372777615032,-15.558815610598812
-1.006017381499702,-1.2141886127877322,-33.16505366118378
-0.9983854391882916,0.3017918998194659,-41.50155040091899
-0.8323555731042287,0.4714155563864041,-25.12786950789004
-0.9885911071509176,-1.1035893172157711,-52.10397791459548
0.2083828079475524,-2.04173486842429,-7.791662395229949
-1.0003313246055747,-0.6777449705248515,-50.68060928862498
-0.0122467728469146,-0.8972543714858315,-18.997114780421825
1.3902075490173134,0.5578103063518622,61.99674197978423
0.5365098435704035,-0.8984679817910373,9.33254519690492
0.1222975030322838,0.5432980290363882,-3.331554060233984
-0.0255540709914452,1.172729019259365,11.437163933700011
-1.562545856886543,-0.5290526773462948,-74.80448492882279
-1.3719011429313563,-1.6135613978767411,-58.934192611207614
1.185704154662997,0.7189533106650667,63.25368061383328
-1.7249178325130328,-0.5622875292409727,-64.55847412291105
0.3323140119795916,-0.7484865365565536,8.580885162743138
-1.1875984190295128,0.3098207102270275,-48.317695946349765
-0.5765104007267194,-2.59104229214491,-43.20802446577481
-0.1156482823882405,-0.3011036955892888,-19.783901414429664
1.551151975522523,0.1156746342928586,51.40789260389351
-2.650969808393012,1.0915068519224618,-95.71102421613884
1.2557561255735208,-0.8946073022195039,32.22154552012456
-0.6231405264247644,-0.5554771191602547,-29.65706117038511
1.301741289398798,1.561511196726853,77.61591149793122
-1.5839028234857233,0.7604146561442974,-66.35950420578185
-0.8397218421807761,-0.5993926454440222,-17.899106378820186
1.221033695525353,0.5820977034686158,62.50504626460328
1.2969945465611092,-0.0228680622988821,50.21669810999381
-0.6269670577877674,1.8124485579969287,-15.864298228839637
2.3146585666735087,-1.8672651925917485,82.31465558111022
-0.1852876588777083,-0.1298206997334261,-2.412181348340029
2.0883747047807275,-0.1395896281551737,87.9938022181024
0.3376026620752022,-0.4118769661224674,15.65114294235967
-0.5176112990361714,0.2237879516388985,-2.09923204536814
-0.1601327955666403,0.6713400764504653,-4.962079832544929
-0.7539645888666763,-0.280675076866774,-33.18236522381214
-2.172669546014036,0.8474216771504216,-71.0597177242113
0.3026354652390332,-0.7542758500193579,3.2605146523815627
0.3819354522315533,0.4300416471910696,42.65470317700441
0.0773683076476183,-0.8612842013282637,-4.426813487182114
